<?xml version="1.0" encoding="UTF-8" standalone="no"?>
<!--
Copyright 2016 IBM Corp.

Licensed under the Apache License, Version 2.0 (the "License");
you may not use this file except in compliance with the License.
You may obtain a copy of the License at

http://www.apache.org/licenses/LICENSE-2.0

Unless required by applicable law or agreed to in writing, software
distributed under the License is distributed on an "AS IS" BASIS,
WITHOUT WARRANTIES OR CONDITIONS OF ANY KIND, either express or implied.
See the License for the specific language governing permissions and
limitations under the License.
-->
<mfp:adapter name="JavaScriptHTTP"
	xmlns:xsi="http://www.w3.org/2001/XMLSchema-instance"
	xmlns:mfp="http://www.ibm.com/mfp/integration"
	xmlns:http="http://www.ibm.com/mfp/integration/http">

	<displayName>JavaScriptHTTP</displayName>
	<description>JavaScriptHTTP</description>
	<connectivity>
		<connectionPolicy xsi:type="http:HTTPConnectionPolicyType">
			<protocol>https</protocol>
			<domain>mobilefirstplatform.ibmcloud.com</domain>
			<port>443</port>
			<connectionTimeoutInMilliseconds>30000</connectionTimeoutInMilliseconds>
			<socketTimeoutInMilliseconds>30000</socketTimeoutInMilliseconds>
			<maxConcurrentConnectionsPerNode>50</maxConcurrentConnectionsPerNode>
		</connectionPolicy>
	</connectivity>

	<procedure name="getFeed"/>

</mfp:adapter>
